x_px,y_px,u_px,v_px,used,circle_signed_residual_px
211.812246,282.000000,-148.187674,6.502287,1.000000,-1.581513
211.918219,281.000000,-148.081688,7.502285,1.000000,-1.488931
212.000000,280.639756,-147.999903,7.862528,1.000000,-1.496503
212.216514,280.000000,-147.783381,8.502282,1.000000,-1.577249
212.863316,279.000000,-147.136566,9.502274,1.000000,-1.998091
212.976382,278.000000,-147.023487,10.502272,1.000000,-1.889576
212.782836,277.000000,-147.217022,11.502275,1.000000,-1.475355
213.000000,276.155423,-146.999847,12.346848,1.000000,-1.490640
213.042905,276.000000,-146.956940,12.502271,1.000000,-1.495712
213.280267,275.000000,-146.719565,13.502268,1.000000,-1.486324
213.631272,274.000000,-146.368549,14.502264,1.000000,-1.579310
213.715107,273.000000,-146.284701,15.502263,1.000000,-1.406100
213.912413,272.000000,-146.087382,16.502261,1.000000,-1.335259
213.979989,271.000000,-146.019794,17.502260,1.000000,-1.132105
214.000000,270.908925,-145.999782,17.593334,1.000000,-1.126591
214.273520,270.000000,-145.726250,18.502256,1.000000,-1.139017
214.370206,269.000000,-145.629553,19.502255,1.000000,-0.949464
214.787001,268.000000,-145.212745,20.502250,1.000000,-1.058987
214.878039,267.000000,-145.121694,21.502249,1.000000,-0.849400
215.000000,266.611080,-144.999729,21.891167,1.000000,-0.848509
215.321514,266.000000,-144.678207,22.502243,1.000000,-0.968298
215.487898,265.000000,-144.511810,23.502241,1.000000,-0.815640
215.822523,264.000000,-144.177173,24.502237,1.000000,-0.815085
216.000000,263.374455,-143.999689,25.127780,1.000000,-0.780561
216.220396,263.000000,-143.779288,25.502232,1.000000,-0.866260
216.207098,262.000000,-143.792574,26.502232,1.000000,-0.521785
216.731289,261.000000,-143.268370,27.502226,1.000000,-0.676061
217.000000,260.536609,-142.999653,27.965613,1.000000,-0.768710
217.240507,260.000000,-142.759140,28.502219,1.000000,-0.807308
217.532047,259.000000,-142.467587,29.502216,1.000000,-0.726312
217.956040,258.000000,-142.043582,30.502210,1.000000,-0.760914
218.000000,257.598988,-141.999617,30.903222,1.000000,-0.655149
218.055070,257.000000,-141.944539,31.502209,1.000000,-0.485306
218.260567,256.000000,-141.739030,32.502207,1.000000,-0.301595
218.536490,255.000000,-141.463094,33.502203,1.000000,-0.175681
218.820813,254.000000,-141.178760,34.502200,1.000000,-0.049906
219.000000,253.538764,-140.999567,34.963433,1.000000,-0.033479
219.186605,253.000000,-140.812955,35.502195,1.000000,0.008750
219.658639,252.000000,-140.340908,36.502189,1.000000,-0.021633
220.000000,251.144626,-139.999537,37.357559,1.000000,0.016194
220.088124,251.000000,-139.911411,37.502184,1.000000,-0.004511
220.368598,250.000000,-139.630925,38.502181,1.000000,0.156351
220.835854,249.000000,-139.163657,39.502175,1.000000,0.155756
221.000000,248.558517,-138.999505,39.943656,1.000000,0.196319
221.273251,248.000000,-138.726247,40.502169,1.000000,0.190776
222.000000,247.008836,-137.999486,41.493325,1.000000,-0.029315
222.005959,247.000000,-137.993526,41.502160,1.000000,-0.030764
222.000000,246.655080,-137.999481,41.847080,1.000000,0.127130
221.993807,246.000000,-138.005667,42.502160,1.000000,0.424269
222.000000,245.987173,-137.999473,42.514988,1.000000,0.424463
222.998325,245.000000,-137.001136,43.502148,1.000000,-0.020860
223.000000,244.981415,-136.999461,43.520733,1.000000,-0.013884
223.115880,244.000000,-136.883568,44.502147,1.000000,0.333243
223.903453,243.000000,-136.095983,45.502137,1.000000,0.101730
224.000000,242.831170,-135.999434,45.670966,1.000000,0.095880
224.508489,242.000000,-135.490934,46.502129,1.000000,0.041859
224.655736,241.000000,-135.343676,47.502127,1.000000,0.392472
225.000000,240.551697,-134.999406,47.950426,1.000000,0.308525
225.369313,240.000000,-134.630086,48.502119,0.000000,0.255646
225.620948,239.000000,-134.378439,49.502116,1.000000,0.530256
226.000000,238.660205,-133.999382,49.841906,1.000000,0.370796
226.558061,238.000000,-133.441313,50.502104,1.000000,0.219739
227.000000,237.354111,-132.999366,51.147988,0.000000,0.166462
227.252349,237.000000,-132.747012,51.502095,0.000000,0.130467
227.496558,236.000000,-132.502791,52.502092,1.000000,0.436456
227.927664,235.000000,-132.071673,53.502087,1.000000,0.590200
228.000000,234.787553,-131.999334,53.714533,1.000000,0.640299
228.452009,234.000000,-131.547315,54.502080,1.000000,0.673237
229.000000,233.008260,-130.999312,55.493813,1.000000,0.740925
229.006324,233.000000,-130.992989,55.502074,1.000000,0.740045
229.783941,232.000000,-130.215359,56.502064,1.000000,0.628998
230.000000,231.463389,-129.999293,57.038672,1.000000,0.742168
230.270677,231.000000,-129.728611,57.502058,1.000000,0.771639
230.884902,230.000000,-129.114373,58.502050,1.000000,0.817249
231.000000,229.796289,-128.999273,58.705760,1.000000,0.836040
231.624684,229.000000,-128.374579,59.502041,1.000000,0.769185
232.000000,228.326833,-127.999254,60.175203,1.000000,0.843690
232.178554,228.000000,-127.820696,60.502034,1.000000,0.884377
232.932829,227.000000,-127.066409,61.502025,1.000000,0.845570
233.000000,226.941313,-126.999237,61.560711,1.000000,0.825000
233.800332,226.000000,-126.198893,62.502014,1.000000,0.726344
234.000000,225.737781,-125.999222,62.764231,1.000000,0.719575
234.670915,225.000000,-125.328298,63.502003,1.000000,0.617030
235.000000,224.557480,-124.999208,63.944520,1.000000,0.617593
235.331114,224.000000,-124.668087,64.501995,1.000000,0.687970
235.932129,223.000000,-124.067059,65.501988,1.000000,0.816014
236.000000,222.840201,-123.999186,65.661786,1.000000,0.859676
236.612694,222.000000,-123.386482,66.501979,1.000000,0.890951
237.000000,221.598562,-122.999171,66.903413,1.000000,0.834340
237.430796,221.000000,-122.568368,67.501969,1.000000,0.868675
238.000000,220.312694,-121.999155,68.189268,1.000000,0.854864
238.404081,220.000000,-121.595070,68.501957,1.000000,0.737852
239.000000,219.247100,-120.999142,69.254849,1.000000,0.753981
239.244650,219.000000,-120.754489,69.501947,1.000000,0.722924
240.000000,218.043025,-119.999127,70.458912,1.000000,0.757500
240.028828,218.000000,-119.970299,70.501937,1.000000,0.763224
240.700428,217.000000,-119.298686,71.501929,1.000000,0.900373
241.000000,216.797797,-118.999112,71.704128,1.000000,0.805343
242.000000,216.170796,-117.999104,72.331116,0.000000,0.462755
242.147892,216.000000,-117.851210,72.501911,0.000000,0.464438
242.416209,215.000000,-117.582880,73.501907,1.000000,0.926929
243.000000,214.053271,-116.999077,74.448629,1.000000,1.125862
243.038998,214.000000,-116.960078,74.501900,1.000000,1.132754
244.000000,213.147923,-115.999066,75.353965,1.000000,0.999258
244.167179,213.000000,-115.831885,75.501886,1.000000,0.977010
245.000000,212.102567,-114.999053,76.399308,1.000000,0.981498
245.078754,212.000000,-114.920298,76.501874,1.000000,0.994631
245.943850,211.000000,-114.055189,77.501864,1.000000,1.058737
246.000000,210.946032,-113.999039,77.555831,1.000000,1.055736
247.000000,210.062246,-112.999028,78.439605,1.000000,0.955274
247.066035,210.000000,-112.932992,78.501850,1.000000,0.951807
248.000000,209.306413,-111.999019,79.195425,1.000000,0.776917
248.355248,209.000000,-111.643767,79.501834,1.000000,0.743078
249.000000,208.225436,-110.999005,80.276390,1.000000,0.841607
249.185097,208.000000,-110.813905,80.501824,1.000000,0.873414
250.000000,207.220494,-109.998993,81.281320,0.000000,0.866826
250.250432,207.000000,-109.748558,81.501810,0.000000,0.852837
251.000000,206.216000,-108.998980,82.285801,1.000000,0.906003
251.242267,206.000000,-108.756710,82.501798,1.000000,0.897674
252.000000,205.232282,-107.998968,83.269506,1.000000,0.944175
252.180151,205.000000,-107.818815,83.501786,1.000000,0.993086
253.000000,204.278610,-106.998956,84.223166,1.000000,0.974029
253.667731,204.000000,-106.331221,84.501768,1.000000,0.734477
254.000000,203.829726,-105.998951,84.672038,1.000000,0.640130
254.728834,203.000000,-105.270106,85.501755,1.000000,0.779129
255.000000,202.753904,-104.998937,85.747847,1.000000,0.785839
255.855328,202.000000,-104.143600,86.501741,1.000000,0.796295
256.000000,201.890554,-103.998927,86.611185,1.000000,0.785249
257.000000,201.027472,-102.998916,87.474255,1.000000,0.796872
257.028153,201.000000,-102.970762,87.501726,1.000000,0.799809
258.000000,200.510770,-101.998910,87.990944,1.000000,0.553747
258.563812,200.000000,-101.435092,88.501707,1.000000,0.590303
259.000000,199.434256,-100.998896,89.067446,1.000000,0.753975
260.000000,199.269396,-99.998894,89.232293,0.000000,0.255838
260.353143,199.000000,-99.645748,89.501685,0.000000,0.246602
260.785134,198.000000,-99.213745,90.501680,1.000000,0.764595
261.000000,197.805125,-98.998876,90.696552,1.000000,0.785933
262.000000,197.266729,-97.998869,91.234936,1.000000,0.600379
262.359413,197.000000,-97.639453,91.501660,1.000000,0.594122
263.000000,196.447870,-96.998859,92.053783,1.000000,0.647830
263.518348,196.000000,-96.480506,92.501646,1.000000,0.695882
264.000000,195.729502,-95.998850,92.772138,1.000000,0.626305
265.000000,195.254985,-94.998845,93.246642,1.000000,0.418221
265.570261,195.000000,-94.428581,93.501620,0.000000,0.290666
266.000000,194.862636,-93.998840,93.638979,0.000000,0.151741
267.000000,194.135821,-92.998831,94.365782,1.000000,0.166638
267.198583,194.000000,-92.800246,94.501600,1.000000,0.163920
268.000000,193.438130,-91.998822,95.063460,1.000000,0.168470
269.000000,193.103009,-90.998818,95.398569,0.000000,-0.119267
269.092578,193.000000,-90.906239,95.501577,0.000000,-0.085928
269.875217,192.000000,-90.123587,96.501567,1.000000,0.308648
270.000000,191.896145,-89.998803,96.605421,1.000000,0.326185
271.000000,191.032049,-88.998792,97.469504,1.000000,0.500111
271.035420,191.000000,-88.963371,97.501553,1.000000,0.507706
272.000000,190.449798,-87.998785,98.051742,1.000000,0.448547
273.000000,190.219773,-86.998782,98.281755,1.000000,0.108118
273.415274,190.000000,-86.583505,98.501523,1.000000,0.074141
274.000000,189.527212,-85.998774,98.974304,1.000000,0.168004
274.499950,189.000000,-85.498818,99.501510,1.000000,0.356417
275.000000,188.617922,-84.998762,99.883582,1.000000,0.423984
275.680788,188.000000,-84.317966,100.501495,1.000000,0.604475
276.000000,187.855864,-83.998753,100.645627,1.000000,0.565731
277.000000,187.422941,-82.998748,101.078538,1.000000,0.433853
278.000000,187.667160,-81.998751,100.834306,1.000000,-0.277477
278.616137,187.000000,-81.382606,101.501459,0.000000,-0.002574
279.000000,186.774054,-80.998739,101.727400,0.000000,0.005929
279.975351,186.000000,-80.023379,102.501442,1.000000,0.209114
280.000000,185.990641,-79.998730,102.510800,1.000000,0.205446
281.000000,185.508836,-78.998724,102.992593,1.000000,0.150631
281.807971,185.000000,-78.190746,103.501419,1.000000,0.218368
282.000000,184.854802,-77.998716,103.646615,1.000000,0.256876
283.000000,184.338015,-76.998709,104.163389,1.000000,0.251342
283.549676,184.000000,-76.449029,104.501398,1.000000,0.300172
284.000000,183.799258,-75.998703,104.702134,1.000000,0.274449
285.000000,183.475715,-74.998699,105.025665,1.000000,0.114113
285.679877,184.000000,-74.318828,104.501371,0.000000,-0.657882
286.000000,184.458736,-73.998711,104.042631,0.000000,-1.210998
287.000000,184.889496,-72.998716,103.611858,0.000000,-2.038455
288.000000,184.265373,-71.998708,104.235969,0.000000,-1.911052
288.452530,184.000000,-71.546175,104.501337,0.000000,-1.865549
289.000000,183.825226,-70.998703,104.676104,0.000000,-1.940365
290.000000,183.489412,-69.998699,105.011906,0.000000,-2.055867
290.872240,183.000000,-69.126452,105.501307,0.000000,-1.970904
291.000000,182.909745,-68.998692,105.591561,0.000000,-1.940910
292.000000,182.594677,-67.998688,105.906616,1.000000,-2.058651
292.952101,182.000000,-67.046579,106.501281,0.000000,-1.892717
293.000000,181.955938,-66.998680,106.545343,0.000000,-1.871135
294.000000,181.632847,-65.998676,106.868422,1.000000,-1.964723
294.769715,181.000000,-65.228953,107.501259,1.000000,-1.676247
295.000000,180.776030,-64.998665,107.725226,1.000000,-1.556612
296.000000,180.642915,-63.998664,107.858328,1.000000,-1.809065
296.974003,180.000000,-63.024652,108.501231,0.000000,-1.570540
297.000000,179.974565,-62.998655,108.526666,0.000000,-1.556338
298.000000,179.728784,-61.998652,108.772434,1.000000,-1.688315
299.000000,179.571973,-60.998650,108.929233,1.000000,-1.896042
300.000000,179.063251,-59.998644,109.437943,0.000000,-1.766185
300.079861,179.000000,-59.918782,109.501193,0.000000,-1.734173
301.000000,178.623385,-58.998638,109.877796,1.000000,-1.692191
301.899341,178.000000,-58.099290,110.501170,1.000000,-1.403190
302.000000,177.893436,-57.998629,110.607733,1.000000,-1.335586
303.000000,177.586962,-56.998626,110.914195,1.000000,-1.370017
303.585466,177.000000,-56.413152,111.501149,1.000000,-0.999877
303.511552,176.000000,-56.487054,112.501150,1.000000,-0.027464
304.000000,175.825140,-55.998604,112.676004,1.000000,-0.013869
305.000000,175.498102,-54.998600,113.003030,0.000000,-0.009527
306.000000,175.234399,-53.998596,113.266721,1.000000,-0.057757
306.955784,175.000000,-53.042810,113.501108,1.000000,-0.113601
307.000000,174.992031,-52.998593,113.509076,1.000000,-0.118769
308.000000,174.866206,-51.998592,113.634888,1.000000,-0.284025
308.466598,175.000000,-51.531995,113.501089,1.000000,-0.543543
309.000000,175.191035,-50.998596,113.310047,0.000000,-0.875336
310.000000,175.385258,-49.998598,113.115812,0.000000,-1.335434
311.000000,175.167101,-48.998596,113.333957,0.000000,-1.391724
311.327874,175.000000,-48.670720,113.501053,0.000000,-1.316265
312.000000,174.773109,-47.998591,113.727936,1.000000,-1.270473
313.000000,174.662608,-46.998589,113.838425,1.000000,-1.415604
314.000000,174.275865,-45.998585,114.225156,0.000000,-1.285488
314.539249,174.000000,-45.459332,114.501014,1.000000,-1.146535
315.000000,173.878929,-44.998580,114.622079,1.000000,-1.137290
316.000000,173.730404,-43.998578,114.770591,1.000000,-1.222870
317.000000,173.673111,-42.998577,114.827873,1.000000,-1.390126
317.912660,173.000000,-42.085909,115.500972,1.000000,-0.930012
318.000000,172.925778,-41.998568,115.575193,1.000000,-0.875989
319.000000,172.764672,-40.998566,115.736286,1.000000,-0.926460
320.000000,172.697601,-39.998565,115.803345,1.000000,-1.061741
321.000000,172.745526,-38.998566,115.755408,1.000000,-1.302794
322.000000,172.361379,-37.998561,116.139542,0.000000,-1.112272
322.755212,172.000000,-37.243345,116.500912,0.000000,-0.892945
323.000000,171.915713,-36.998555,116.585196,0.000000,-0.853183
324.000000,171.759521,-35.998553,116.741375,1.000000,-0.871312
325.000000,171.708393,-34.998553,116.792491,1.000000,-0.985755
326.000000,171.260372,-33.998547,117.240500,1.000000,-0.700905
327.000000,171.079268,-32.998545,117.421592,0.000000,-0.672060
328.000000,171.054254,-31.998545,117.446593,0.000000,-0.790361
328.476779,171.000000,-31.521765,117.500841,0.000000,-0.802330
329.000000,170.957406,-30.998543,117.543428,0.000000,-0.830355
330.000000,170.812703,-29.998542,117.688119,1.000000,-0.815614
331.000000,170.707805,-28.998540,117.793005,1.000000,-0.833055
332.000000,170.593678,-27.998539,117.907119,1.000000,-0.834047
333.000000,170.204917,-26.998534,118.295868,0.000000,-0.554587
334.000000,170.002652,-25.998532,118.498121,1.000000,-0.453068
335.000000,170.150647,-24.998533,118.350113,1.000000,-0.693027
336.000000,170.082796,-23.998533,118.417951,1.000000,-0.710921
336.372336,170.000000,-23.626196,118.500743,1.000000,-0.658385
337.000000,169.940751,-22.998531,118.559984,1.000000,-0.647603
338.000000,169.848098,-21.998530,118.652625,1.000000,-0.626264
339.000000,169.822830,-20.998529,118.677881,1.000000,-0.664942
340.000000,169.796288,-19.998529,118.704410,1.000000,-0.695163
341.000000,169.762529,-18.998529,118.738156,1.000000,-0.710984
342.000000,169.798050,-17.998529,118.702623,1.000000,-0.788833
343.000000,169.813957,-16.998529,118.686704,1.000000,-0.839912
344.000000,169.711908,-15.998528,118.788741,1.000000,-0.765887
345.000000,169.467433,-14.998525,119.033203,0.000000,-0.542230
346.000000,169.119521,-13.998521,119.381103,1.000000,-0.207900
346.613514,169.000000,-13.385005,119.500616,1.000000,-0.093135
347.000000,168.969100,-12.998519,119.531511,1.000000,-0.063845
348.000000,168.969100,-11.998519,119.531499,1.000000,-0.063045
348.386486,169.000000,-11.612033,119.500594,1.000000,-0.091716
349.000000,169.119521,-10.998521,119.381065,1.000000,-0.205497
350.000000,169.467268,-9.998525,119.033306,0.000000,-0.538051
351.000000,169.703445,-8.998528,118.797117,1.000000,-0.751798
352.000000,169.828185,-7.998530,118.672364,1.000000,-0.846892
352.297707,170.000000,-7.700825,118.500546,1.000000,-1.008396
353.000000,170.413789,-6.998537,118.086748,0.000000,-1.395221
354.000000,170.617045,-5.998539,117.883479,1.000000,-1.554078
355.000000,170.654317,-4.998540,117.846195,1.000000,-1.539843
356.000000,170.676385,-3.998540,117.824115,1.000000,-1.503190
357.000000,170.657454,-2.998540,117.843034,1.000000,-1.418413
358.000000,170.683627,-1.998540,117.816848,1.000000,-1.371432
359.000000,170.726312,-0.998541,117.774150,1.000000,-1.333693
360.000000,170.813884,0.001458,117.686566,0.000000,-1.333428
361.000000,170.911911,1.001457,117.588527,1.000000,-1.336288
361.104502,171.000000,1.105958,117.500437,1.000000,-1.413628
362.000000,171.580986,2.001449,116.919439,1.000000,-1.899699
363.000000,171.626827,3.001448,116.873586,1.000000,-1.835667
364.000000,171.620702,4.001448,116.879699,1.000000,-1.712815
365.000000,171.658483,5.001448,116.841906,1.000000,-1.626381
366.000000,171.628139,6.001448,116.872237,1.000000,-1.465252
367.000000,171.715969,7.001447,116.784394,1.000000,-1.414062
368.000000,171.663554,8.001448,116.836798,1.000000,-1.216927
369.000000,171.451450,9.001450,117.048889,0.000000,-0.855103
369.820932,171.000000,9.822388,117.500329,1.000000,-0.279452
370.000000,170.892833,10.001457,117.607493,1.000000,-0.144788
371.000000,170.896474,11.001457,117.603840,1.000000,0.017072
372.000000,170.990356,12.001456,117.509946,1.000000,0.097057
372.086700,171.000000,12.088156,117.500301,1.000000,0.102849
373.000000,171.331730,13.001452,117.168559,1.000000,-0.059098
374.000000,171.655923,14.001448,116.844354,1.000000,-0.190561
374.728506,172.000000,14.729949,116.500268,1.000000,-0.387227
374.160797,173.000000,14.162228,115.500275,0.000000,-1.478697
375.000000,173.591694,15.001424,114.908570,1.000000,-1.893519
376.000000,173.748091,16.001422,114.752161,1.000000,-1.842752
376.385058,174.000000,16.386477,114.500247,1.000000,-2.008626
377.000000,174.319166,17.001415,114.181074,0.000000,-2.189564
378.000000,174.508732,18.001412,113.991495,1.000000,-2.155667
379.000000,174.585776,19.001412,113.914439,1.000000,-2.004735
380.000000,174.722587,20.001410,113.777616,0.000000,-1.904745
380.304181,175.000000,20.305587,113.500199,0.000000,-2.101847
381.000000,175.393830,21.001402,113.106361,0.000000,-2.315707
382.000000,175.539547,22.001400,112.960631,1.000000,-2.208767
383.000000,175.559135,23.001399,112.941030,1.000000,-1.972650
384.000000,175.736620,24.001397,112.763533,0.000000,-1.881924
384.310002,176.000000,24.311396,112.500149,0.000000,-2.053034
385.000000,176.287976,25.001390,112.212164,0.000000,-2.143455
386.000000,176.569508,26.001387,111.930620,1.000000,-2.137024
387.000000,176.711645,27.001385,111.788471,1.000000,-1.989250
387.278905,177.000000,27.280287,111.500112,1.000000,-2.184788
388.000000,177.538773,28.001375,110.961330,1.000000,-2.488709
389.000000,177.634300,29.001374,110.865791,1.000000,-2.280577
389.568208,178.000000,29.569577,110.500084,0.000000,-2.455581
390.000000,178.307018,30.001365,110.193060,0.000000,-2.614168
391.000000,178.563729,31.001362,109.936338,1.000000,-2.543585
392.000000,178.478008,32.001363,110.022046,0.000000,-2.141381
392.791293,178.000000,32.792662,110.500044,0.000000,-1.431390
392.000000,177.204121,32.001379,111.295932,1.000000,-0.935678
391.000000,177.203217,31.001379,111.296849,1.000000,-1.252952
390.524462,177.000000,30.525844,111.500072,1.000000,-1.208854
390.000000,176.485128,30.001388,112.014951,1.000000,-0.881304
389.000000,176.130486,29.001392,112.369605,1.000000,-0.846563
388.613681,176.000000,28.615075,112.500096,1.000000,-0.837199
389.000000,175.178942,29.001404,113.321149,1.000000,0.061573
390.000000,175.650920,30.001398,112.849158,1.000000,-0.087103
391.000000,175.838954,31.001396,112.661112,1.000000,0.042571
391.414635,176.000000,31.416029,112.500061,1.000000,0.019620
392.000000,176.578604,32.001387,111.921450,1.000000,-0.343197
393.000000,176.484911,33.001388,112.015131,1.000000,0.068583
393.846663,177.000000,33.848044,111.500031,0.000000,-0.138779
394.000000,177.108719,34.001380,111.391310,0.000000,-0.190160
395.000000,177.485666,35.001376,111.014351,1.000000,-0.207389
396.000000,177.698805,36.001373,110.801200,1.000000,-0.062878
397.000000,177.918089,37.001370,110.581903,1.000000,0.083215
397.395998,178.000000,37.397367,110.499987,1.000000,0.147696
398.000000,178.155546,38.001367,110.344433,1.000000,0.219698
399.000000,178.629186,39.001361,109.870781,1.000000,0.144040
400.000000,178.851006,40.001359,109.648949,1.000000,0.310444
400.373512,179.000000,40.374869,109.499950,1.000000,0.313238
401.000000,179.395723,41.001352,109.104220,1.000000,0.185816
402.000000,179.943660,42.001345,108.556270,1.000000,0.067387
402.085416,180.000000,42.086760,108.499929,1.000000,0.048920
403.000000,180.456666,43.001339,108.043252,0.000000,-0.009790
404.000000,180.681497,44.001336,107.818408,1.000000,0.185526
404.549768,181.000000,44.551100,107.499898,1.000000,0.118082
405.000000,181.180248,45.001330,107.319645,1.000000,0.138409
406.000000,181.442615,46.001327,107.057265,1.000000,0.314864
407.000000,181.811205,47.001322,106.688663,1.000000,0.402574
407.531211,182.000000,47.532530,106.499861,1.000000,0.458766
408.000000,182.328105,48.001316,106.171750,1.000000,0.364597
409.000000,182.868861,49.001309,105.630982,1.000000,0.314232
409.291826,183.000000,49.293133,105.499840,1.000000,0.325192
410.000000,183.285056,50.001304,105.214775,1.000000,0.384505
411.000000,183.692000,51.001299,104.807819,1.000000,0.471355
411.614801,184.000000,51.616096,104.499811,1.000000,0.477455
412.000000,184.264548,52.001292,104.235258,1.000000,0.419475
413.000000,184.872906,53.001284,103.626887,1.000000,0.345410
413.239434,185.000000,53.240716,103.499791,1.000000,0.345510
414.000000,185.553272,54.001276,102.946509,1.000000,0.217756
415.000000,185.886503,55.001272,102.613265,1.000000,0.404418
415.173064,186.000000,55.174334,102.499767,1.000000,0.388638
416.000000,186.510605,56.001264,101.989152,1.000000,0.345076
416.744123,187.000000,56.745381,101.499747,0.000000,0.285632
417.000000,187.273931,57.001254,101.225814,0.000000,0.174840
418.000000,187.714138,58.001249,100.785594,1.000000,0.294667
418.359251,188.000000,58.360497,100.499727,1.000000,0.229670
419.000000,188.374268,59.001241,100.125452,1.000000,0.233895
420.000000,188.570207,60.001238,99.929500,1.000000,0.580372
420.688480,189.000000,60.689713,99.499698,1.000000,0.571166
421.000000,189.257875,61.001230,99.241819,1.000000,0.514567
421.737169,190.000000,61.738389,98.499685,1.000000,0.273403
422.000000,190.241212,62.001218,98.258470,1.000000,0.208993
423.000000,190.458627,63.001215,98.041043,1.000000,0.561429
424.000000,190.853108,64.001210,97.646549,1.000000,0.771954
424.240420,191.000000,64.241628,97.499654,1.000000,0.780166
425.000000,191.940571,65.001196,96.559074,1.000000,0.412801
425.047910,192.000000,65.049106,96.499644,1.000000,0.389861
426.000000,192.665826,66.001188,95.833806,1.000000,0.368023
426.432918,193.000000,66.434101,95.499627,1.000000,0.335335
427.000000,193.426982,67.001178,95.072638,0.000000,0.304585
427.965423,194.000000,67.966594,94.499608,1.000000,0.386383
428.000000,194.039914,68.001170,94.459694,1.000000,0.373617
429.000000,194.847153,69.001160,93.652442,1.000000,0.294474
429.275703,195.000000,69.276861,93.499592,1.000000,0.331275
430.000000,195.351773,70.001154,93.147810,1.000000,0.471499
431.000000,195.985389,71.001146,92.514182,1.000000,0.553627
431.016398,196.000000,71.017545,92.499570,1.000000,0.551668
432.000000,196.814536,72.001136,91.685023,1.000000,0.489704
432.350423,197.000000,72.351557,91.499554,1.000000,0.553760
433.000000,197.538444,73.001127,90.961102,1.000000,0.521140
433.435455,198.000000,73.436577,90.499540,1.000000,0.422680
434.000000,198.684736,74.001113,89.814797,0.000000,0.231358
434.457202,199.000000,74.458311,89.499528,0.000000,0.267662
435.000000,199.284812,75.001105,89.214709,1.000000,0.383430
435.912879,200.000000,75.913976,88.499510,1.000000,0.400761
436.000000,200.076049,76.001096,88.423460,1.000000,0.396877
437.000000,200.723422,77.001088,87.776074,1.000000,0.532580
437.249553,201.000000,77.250638,87.499493,1.000000,0.479678
438.000000,201.696450,78.001076,86.803034,1.000000,0.429621
438.381844,202.000000,78.382916,86.499479,1.000000,0.445673
439.000000,202.535043,79.001065,85.964429,1.000000,0.442218
439.628839,203.000000,79.629898,85.499464,1.000000,0.503348
440.000000,203.245053,80.001056,85.254406,1.000000,0.563533
440.707099,204.000000,80.708146,84.499450,1.000000,0.466856
441.000000,204.375227,81.001042,84.124220,1.000000,0.382506
441.642230,205.000000,81.643265,83.499439,1.000000,0.349452
442.000000,205.357883,82.001030,83.141552,1.000000,0.326265
442.955782,206.000000,82.956805,82.499422,1.000000,0.502911
443.000000,206.030751,83.001022,82.468671,1.000000,0.510543
444.000000,206.916845,84.001011,81.582564,1.000000,0.550224
444.110447,207.000000,84.111457,81.499408,1.000000,0.566045
445.000000,207.599718,85.001002,80.899679,1.000000,0.748714
445.411464,208.000000,85.412461,80.499392,1.000000,0.747835
446.000000,208.573186,86.000990,79.926198,1.000000,0.750196
446.564916,209.000000,86.565901,79.499378,1.000000,0.844399
447.000000,209.400372,87.000980,79.099001,1.000000,0.868755
447.701625,210.000000,87.702598,78.499364,1.000000,0.945522
448.000000,210.377387,88.000968,78.121973,1.000000,0.894442
448.512667,211.000000,88.513627,77.499354,1.000000,0.828408
449.000000,211.571131,89.000953,76.928217,1.000000,0.784209
449.502091,212.000000,89.503039,76.499341,1.000000,0.852493
450.000000,212.625750,90.000940,75.873586,1.000000,0.786187
450.230221,213.000000,90.231156,75.499332,1.000000,0.699208
450.923894,214.000000,90.924817,74.499324,1.000000,0.531229
451.000000,214.093619,91.000922,74.405703,1.000000,0.524280
451.677751,215.000000,91.678661,73.499314,1.000000,0.418391
452.000000,215.315784,92.000907,73.183526,1.000000,0.447875
452.767041,216.000000,92.767939,72.499301,1.000000,0.568388
453.000000,216.393542,93.000893,72.105756,1.000000,0.484189
453.249917,217.000000,93.250803,71.499295,1.000000,0.274778
454.000000,217.881491,94.000875,70.617794,1.000000,0.269628
454.137630,218.000000,94.138503,70.499284,1.000000,0.297704
455.000000,218.872013,95.000863,69.627260,1.000000,0.395878
455.100973,219.000000,95.101834,69.499272,1.000000,0.391510
455.885802,220.000000,95.886651,68.499262,1.000000,0.360723
456.000000,220.266804,96.000845,68.232456,1.000000,0.280607
456.488148,221.000000,96.488984,67.499255,0.000000,0.199162
457.000000,221.384328,97.000832,67.114920,1.000000,0.358828
457.565933,222.000000,97.566757,66.499241,1.000000,0.420554
458.000000,222.566479,98.000817,65.932757,1.000000,0.413342
458.243911,223.000000,98.244722,65.499233,1.000000,0.340413
458.756647,224.000000,98.757446,64.499227,0.000000,0.139067
459.000000,224.434381,99.000794,64.064842,0.000000,0.070797
459.704902,225.000000,99.705689,63.499215,0.000000,0.295507
460.000000,225.184970,100.000785,63.314241,0.000000,0.422054
460.625105,226.000000,100.625880,62.499204,0.000000,0.442659
461.000000,226.490051,101.000768,62.009148,0.000000,0.457890
461.334771,227.000000,101.335533,61.499195,1.000000,0.431630
461.719410,228.000000,101.720160,60.499190,0.000000,0.165615
462.000000,228.300204,102.000746,60.198982,0.000000,0.222426
462.636489,229.000000,102.637226,59.499179,1.000000,0.344981
463.000000,229.459339,103.000732,59.039835,1.000000,0.384059
463.301685,230.000000,103.302410,58.499170,0.000000,0.328747
463.657174,231.000000,103.657886,57.499166,0.000000,0.065159
464.000000,231.371595,104.000708,57.127567,0.000000,0.144743
465.000000,231.926816,105.000701,56.572333,1.000000,0.675228
465.060848,232.000000,105.061549,56.499149,1.000000,0.686233
465.647282,233.000000,105.647970,55.499141,1.000000,0.636530
466.000000,233.604625,106.000680,54.894512,1.000000,0.609547
466.240497,234.000000,106.241172,54.499134,1.000000,0.602126
466.700705,235.000000,106.701368,53.499128,1.000000,0.464154
467.000000,235.459284,107.000657,53.039840,1.000000,0.478630
467.299651,236.000000,107.300302,52.499121,1.000000,0.453334
468.000000,236.998159,108.000638,51.500953,1.000000,0.540312
468.001090,237.000000,108.001728,51.499112,1.000000,0.540309
468.372014,238.000000,108.372640,50.499108,1.000000,0.352354
468.761532,239.000000,108.762145,49.499103,1.000000,0.188403
469.000000,239.377342,109.000609,49.121758,1.000000,0.208112
469.315370,240.000000,109.315971,48.499096,1.000000,0.175656
469.779080,241.000000,109.779669,47.499090,1.000000,0.093362
470.000000,241.323694,110.000585,47.175394,1.000000,0.130647
470.384614,242.000000,110.385190,46.499083,1.000000,0.144386
471.000000,242.996052,111.000564,45.503023,1.000000,0.215710
471.002278,243.000000,111.002842,45.499075,1.000000,0.215870
471.571976,244.000000,111.572527,44.499068,1.000000,0.254635
471.896443,245.000000,111.896982,43.499064,1.000000,0.084455
472.000000,245.238480,112.000536,43.260583,1.000000,0.068337
472.357582,246.000000,112.358109,42.499058,1.000000,0.044143
472.879721,247.000000,112.880235,41.499052,1.000000,0.067241
473.000000,247.268231,113.000511,41.230819,1.000000,0.057218
473.306667,248.000000,113.307169,40.499046,1.000000,0.013670
473.499417,249.000000,113.499906,39.499044,1.000000,-0.243200
474.000000,249.953278,114.000478,38.545760,1.000000,-0.194195
474.023228,250.000000,114.023705,38.499037,1.000000,-0.192766
474.394179,251.000000,114.394643,37.499033,1.000000,-0.272425
474.997694,252.000000,114.998146,36.499025,1.000000,-0.131446
475.000000,252.005937,115.000452,36.493088,1.000000,-0.131747
475.168596,253.000000,115.169036,35.499023,1.000000,-0.377576
475.506628,254.000000,115.507055,34.499019,1.000000,-0.463035
476.000000,254.721321,116.000419,33.777692,0.000000,-0.289651
476.140631,255.000000,116.141046,33.499011,0.000000,-0.267394
476.904372,256.000000,116.904775,32.499002,1.000000,0.058187
477.000000,256.233588,117.000400,32.265412,1.000000,0.059022
477.234222,257.000000,117.234612,31.498998,1.000000,-0.008941
477.577334,258.000000,117.577712,30.498993,1.000000,-0.055804
477.973376,259.000000,117.973742,29.498989,1.000000,-0.045206
478.000000,259.072815,118.000365,29.426174,1.000000,-0.046181
478.281329,260.000000,118.281683,28.498985,1.000000,-0.108902
478.568419,261.000000,118.568760,27.498981,1.000000,-0.184392
478.897083,262.000000,118.897412,26.498977,1.000000,-0.212983
479.000000,262.352012,119.000324,26.146963,1.000000,-0.233212
479.169263,263.000000,119.169579,25.498974,1.000000,-0.287012
479.365737,264.000000,119.366040,24.498971,1.000000,-0.425087
479.499410,265.000000,119.499701,23.498970,1.000000,-0.615469
479.801307,266.000000,119.801585,22.498966,1.000000,-0.638677
480.000000,266.348484,120.000274,22.150480,1.000000,-0.555861
480.270948,267.000000,120.271214,21.498960,1.000000,-0.493989
480.259931,268.000000,120.260185,20.498960,1.000000,-0.800389
480.366600,269.000000,120.366841,19.498959,1.000000,-0.987479
480.809151,270.000000,120.809380,18.498953,1.000000,-0.844943
480.803838,271.000000,120.804055,17.498953,1.000000,-1.125029
481.000000,271.779271,121.000207,16.719680,1.000000,-1.145604
481.051363,272.000000,121.051567,16.498950,1.000000,-1.154636
481.434322,273.000000,121.434514,15.498946,1.000000,-1.045713
481.407027,274.000000,121.407206,14.498946,1.000000,-1.325841
481.547876,275.000000,121.548043,13.498944,0.000000,-1.436209
481.645057,276.000000,121.645212,12.498943,0.000000,-1.581717
482.000000,276.421866,122.000150,12.077072,0.000000,-1.335663
482.303118,277.000000,122.303261,11.498935,0.000000,-1.174077
482.148335,278.000000,122.148465,10.498937,1.000000,-1.550032
482.659672,279.000000,122.659789,9.498930,1.000000,-1.268991
482.499267,280.000000,122.499372,8.498932,1.000000,-1.636622
482.966404,281.000000,122.966497,7.498927,1.000000,-1.382967
483.000000,281.117720,123.000091,7.381206,1.000000,-1.373526
483.296804,282.000000,123.296884,6.498923,1.000000,-1.255171
