source_file,source_key,liquid,material,filename_method,native_width_px,native_height_px,reported_mean_deg,circle_candidate_deg,circle_rmse_px,local_left_candidate_deg,local_right_candidate_deg,local_mean_candidate_deg,theta_half_check_deg,circle_sensitivity_min_deg,circle_sensitivity_max_deg,circle_sensitivity_span_deg,observed_height_px,masked_fraction,status,reportable_conditional_theta_deg,baseline_source,baseline_validated,difference_from_report_deg,exact_duplicate_of,flags,info_flags,image_sha256
水-Al-2.pdf,水-Al-2.pdf::p1::i1,水,Al,unspecified,790,600,36.860000,34.875681,0.457607,40.387354,41.306988,40.847171,35.826880,33.951639,35.443143,1.491504,36.613843,0.121864,CONDITIONAL,34.875681,report_green_line,False,-1.984319,,,SHARED_REPORT_BASELINE;BASELINE_NOT_INDEPENDENTLY_VALIDATED;LOCAL_DERIVATIVE_PARAMETER_SENSITIVE,df4cfbc8a1b1263f24d3b6d85278177461d67d5bc1442f16bc45f6f792376faf
水-Al-3-tan.pdf,水-Al-3-tan.pdf::p1::i1,水,Al,tan,790,600,82.160000,81.706890,0.845035,85.241933,84.932348,85.087141,82.551199,81.270876,82.142740,0.871864,119.531511,0.166667,CONDITIONAL,81.706890,report_green_line,False,-0.453110,,,SHARED_REPORT_BASELINE;BASELINE_NOT_INDEPENDENTLY_VALIDATED,006267462fc98e6ad751f2d93437bc17bd379eca6d818b0e920d9d3476f05876
水-Al-3-theta.pdf,水-Al-3-theta.pdf::p1::i1,水,Al,theta,790,600,81.030000,82.114770,0.425916,85.279614,82.936865,84.108240,82.560891,81.679530,82.541545,0.862015,119.749894,0.107570,CONDITIONAL,82.114770,report_green_line,False,1.084770,,,SHARED_REPORT_BASELINE;BASELINE_NOT_INDEPENDENTLY_VALIDATED,96efd3c1bdb2912c0041d218e28641101018aa6ccc305bcea9c4557592b4a2b9
水-Cglass-tan-1.pdf,水-Cglass-tan-1.pdf::p1::i1,水,Cglass,tan,790,600,61.035000,60.158433,0.720107,63.008652,61.654438,62.331545,60.767667,59.739307,60.574212,0.834905,83.568366,0.225166,CONDITIONAL,60.158433,report_green_line,False,-0.876567,,,SHARED_REPORT_BASELINE;BASELINE_NOT_INDEPENDENTLY_VALIDATED,77b8adcd0ad1eded4b9dcb4361848d4ddfbb27c53dbfec20ce76cdb85e5e6abe
水-Cglass-theta-1.pdf,水-Cglass-theta-1.pdf::p1::i1,水,Cglass,theta,790,600,61.035000,60.158433,0.720107,63.008652,61.654438,62.331545,60.767667,59.739307,60.574212,0.834905,83.568366,0.225166,CONDITIONAL,60.158433,report_green_line,False,-0.876567,水-Cglass-tan-1.pdf::p1::i1,,SHARED_REPORT_BASELINE;BASELINE_NOT_INDEPENDENTLY_VALIDATED;EXACT_DUPLICATE_RASTER,77b8adcd0ad1eded4b9dcb4361848d4ddfbb27c53dbfec20ce76cdb85e5e6abe
水-NKUcard-tan-1.pdf,水-NKUcard-tan-1.pdf::p1::i1,水,NKUcard,tan,790,600,32.860000,30.200401,1.311807,37.735996,39.675363,38.705680,31.857115,29.629899,30.652920,1.023022,50.984941,0.246521,REVIEW,NA,report_green_line,False,-2.659599,,LOCAL_GLOBAL_DISAGREEMENT,SHARED_REPORT_BASELINE;BASELINE_NOT_INDEPENDENTLY_VALIDATED,4b7f1f2fec15899242773ef68110e3f886b0120c04785c3d24aad6006dc7ffef
水-NKUcard-theta-1.pdf,水-NKUcard-theta-1.pdf::p1::i1,水,NKUcard,theta,790,600,31.640000,31.430896,0.261431,35.428910,32.039461,33.734185,31.884107,31.102973,31.766508,0.663535,51.486705,0.130734,CONDITIONAL,31.430896,report_green_line,False,-0.209104,,,SHARED_REPORT_BASELINE;BASELINE_NOT_INDEPENDENTLY_VALIDATED,9e537712e4bdc5af24993fe29c6c388863018bc652b3edd722e7f2397f00a4b0
水-glass-tan-1.pdf,水-glass-tan-1.pdf::p1::i1,水,glass,tan,790,600,26.500000,24.202572,0.782968,29.290836,28.229642,28.760239,25.133173,23.708373,24.483855,0.775482,51.817224,0.086957,CONDITIONAL,24.202572,report_green_line,False,-2.297428,,,SHARED_REPORT_BASELINE;BASELINE_NOT_INDEPENDENTLY_VALIDATED,3612f25216d0bf132b9e4f70c7b0a30016e31d3ebca00df76989a8f8e0fa1852
水-glass-theta-1.pdf,水-glass-theta-1.pdf::p1::i1,水,glass,theta,790,600,25.030000,24.785853,0.425894,29.438954,27.546393,28.492674,25.225183,24.508254,25.051232,0.542978,51.809447,0.089744,CONDITIONAL,24.785853,report_green_line,False,-0.244147,,,SHARED_REPORT_BASELINE;BASELINE_NOT_INDEPENDENTLY_VALIDATED,c1b6027f139654abf1c018fabcb3990ab0daa9c372a641d66576cad3a4604e78
水-leaf1-tan-1.pdf,水-leaf1-tan-1.pdf::p1::i1,水,leaf1,tan,790,600,51.275000,49.929739,0.707339,53.577189,49.976317,51.776753,50.418338,49.594104,50.258743,0.664640,84.098229,0.148289,CONDITIONAL,49.929739,report_green_line,False,-1.345261,,,SHARED_REPORT_BASELINE;BASELINE_NOT_INDEPENDENTLY_VALIDATED,aded7aada8c78b762f04595a5de206c3b30e23f11cb33219d43a41081cd5eafb
水-leaf1-theta-1.pdf,水-leaf1-theta-1.pdf::p1::i1,水,leaf1,theta,790,600,49.660000,50.284518,0.399537,54.057394,50.303278,52.180336,50.474707,49.955104,50.608891,0.653786,84.151837,0.066929,CONDITIONAL,50.284518,report_green_line,False,0.624518,,,SHARED_REPORT_BASELINE;BASELINE_NOT_INDEPENDENTLY_VALIDATED,5df75f0ea125013fbc5d137527d8e7fad4d5131d3604b03bcc4cee8e9303cf15
水-leaf2-tan-1.pdf,水-leaf2-tan-1.pdf::p1::i1,水,leaf2,tan,790,600,69.355000,69.702977,0.433711,66.722329,71.593144,69.157736,70.185738,69.126840,70.274719,1.147879,70.629681,0.216216,CONDITIONAL,69.702977,report_green_line,False,0.347977,,,SHARED_REPORT_BASELINE;BASELINE_NOT_INDEPENDENTLY_VALIDATED,d4dd799458257be0190240ace95eedda5bc3923d8cbb36b28e9bc2de7d332e16
水-leaf2-theta-1.pdf,水-leaf2-theta-1.pdf::p1::i1,水,leaf2,theta,790,600,71.500000,71.563248,0.268696,67.112195,71.558755,69.335475,71.326081,70.973600,72.154271,1.180671,71.021490,0.114551,CONDITIONAL,71.563248,report_green_line,False,0.063248,,,SHARED_REPORT_BASELINE;BASELINE_NOT_INDEPENDENTLY_VALIDATED,8316486c170665ea16b5b1e6324b81e648a32bb0e4734d24a1c5cb182cf0b29a
水-paper-tan-1.pdf,水-paper-tan-1.pdf::p1::i1,水,paper,tan,790,600,60.800000,61.315982,1.386551,59.645675,72.024358,65.835017,62.910472,60.546572,62.271868,1.725296,84.864078,0.222904,REVIEW,NA,report_green_line,False,0.515982,,LOCAL_ASYMMETRY_OR_EDGE_ARTIFACT,SHARED_REPORT_BASELINE;BASELINE_NOT_INDEPENDENTLY_VALIDATED,c77f7672704321ef2edd97d7c9ecd248bea4ea39fc017a8e591e94857a9c229b
水-paper-theta-1.pdf,水-paper-theta-1.pdf::p1::i1,水,paper,theta,790,600,61.425000,61.877255,0.420537,59.565819,64.608853,62.087336,62.030716,61.468219,62.295872,0.827653,83.027975,0.127660,CONDITIONAL,61.877255,report_green_line,False,0.452255,,,SHARED_REPORT_BASELINE;BASELINE_NOT_INDEPENDENTLY_VALIDATED,df906bffa9ee166013fd6fb316f71542353f6966b480625060e7c5eeffd540dc
水-ruler-tan-1.pdf,水-ruler-tan-1.pdf::p1::i1,水,ruler,tan,790,600,63.730000,61.093640,0.644010,62.503010,67.287023,64.895017,61.814261,60.587130,61.584862,0.997731,70.021237,0.222222,CONDITIONAL,61.093640,report_green_line,False,-2.636360,,,SHARED_REPORT_BASELINE;BASELINE_NOT_INDEPENDENTLY_VALIDATED,85413015e2554139155b42f78ce6de2491782944d8f394c8474e40ffb6583866
水-ruler-theta-1.pdf,水-ruler-theta-1.pdf::p1::i1,水,ruler,theta,790,600,61.700000,62.054121,0.365901,63.332554,61.307192,62.319873,62.081504,61.552251,62.564161,1.011910,70.196233,0.144476,CONDITIONAL,62.054121,report_green_line,False,0.354121,,,SHARED_REPORT_BASELINE;BASELINE_NOT_INDEPENDENTLY_VALIDATED,423b0c19cc3268a6043b38a4acf979eb19ad79be94d1cb7b96c016145449ff6d
酒精-Al-1-theta.pdf,酒精-Al-1-theta.pdf::p1::i1,酒精,Al,theta,790,600,1.580000,NA,NA,NA,NA,NA,NA,NA,NA,NA,4.945949,NA,NA,NA,report_green_line,False,NA,,UNRESOLVED_HEIGHT,SHARED_REPORT_BASELINE;BASELINE_NOT_INDEPENDENTLY_VALIDATED,7ae1c642494e7f4308073e5efd0c70d32e3be178c4f7784fc7fc376f909ddbe8
酒精-NKUcard-tan-1.pdf,酒精-NKUcard-tan-1.pdf::p1::i1,酒精,NKUcard,tan,790,600,21.970000,18.128871,1.008207,27.990087,30.607687,29.298887,19.958644,17.798133,18.477073,0.678940,32.508505,0.135440,REVIEW,NA,report_green_line,False,-3.841129,,LOCAL_GLOBAL_DISAGREEMENT,SHARED_REPORT_BASELINE;BASELINE_NOT_INDEPENDENTLY_VALIDATED,39617372773f57a6c01854ab33abbd2bca21006d1ee384c9e54df369c1117f8d
