known_angle_deg,tilt_deg,circle_deg,circle_error_deg,local_mean_deg,local_error_deg,status
15,0,14.92642696892021,-0.07357303107979085,14.79804775924065,-0.2019522407593506,CONDITIONAL
15,7,14.959601274744985,-0.04039872525501487,14.86955484805505,-0.13044515194495077,CONDITIONAL
30,0,29.839564918492044,-0.1604350815079556,29.203556093356234,-0.7964439066437663,CONDITIONAL
30,7,29.975703629768407,-0.02429637023159259,30.225406267354046,0.225406267354046,CONDITIONAL
60,0,59.90016668234698,-0.09983331765302239,60.61760761711024,0.617607617110238,CONDITIONAL
60,7,59.98618860443121,-0.013811395568787077,59.61006560566053,-0.38993439433946975,CONDITIONAL
85,0,84.99896074578471,-0.0010392542152857231,84.17812766503158,-0.8218723349684183,CONDITIONAL
85,7,84.97862551146387,-0.021374488536125114,84.1798901733379,-0.8201098266621045,CONDITIONAL
110,0,110.05479635339562,0.05479635339561639,108.29370090313185,-1.7062990968681504,CONDITIONAL
110,7,110.03080811028035,0.030808110280347023,108.66417650385686,-1.335823496143135,CONDITIONAL
140,0,140.0983973988317,0.0983973988317075,137.60566292079085,-2.3943370792091514,CONDITIONAL
140,7,140.09089489794468,0.09089489794467909,137.2999862179331,-2.7000137820668897,CONDITIONAL
